Wall time,Step,Value
1532714016.205974,100,0.2898223400115967
1532720262.208217,200,0.6008522510528564
1532726537.799845,300,0.8218595385551453
1532732834.015228,400,0.9906147718429565
1532738984.884194,500,1.071227788925171
1532745143.163562,600,1.175911545753479
1532751304.907619,700,1.2671712636947632
1532757483.101364,800,1.3210498094558716
1532763631.672596,900,1.3495814800262451
1532769821.345209,1000,1.3648239374160767
1532776006.996626,1100,1.3728679418563843
1532782206.057176,1200,1.3780124187469482
1532788505.057834,1300,1.3799171447753906
1532794923.678139,1400,1.3827147483825684
1532802073.564913,1500,1.3830276727676392
1532810150.524341,1600,1.3849434852600098
1532818154.955471,1700,1.3849667310714722
1532826189.307526,1800,1.384030818939209
1532834185.484219,1900,1.382462739944458
1532842199.701508,2000,1.384462594985962
1532850174.534149,2100,1.3817269802093506
1532858131.534833,2200,1.3827682733535767
1532866102.551934,2300,1.3830419778823853
1532874090.943731,2400,1.3817983865737915
1532882203.157179,2500,1.3827980756759644
1532890429.823529,2600,1.3812007904052734
1532898644.104216,2700,1.3803149461746216
1532906851.941874,2800,1.3828104734420776
1532915108.191585,2900,1.3869448900222778
1532923393.354355,3000,1.3813525438308716
1532931716.054249,3100,1.379830241203308
1532939573.265321,3200,1.3801443576812744
1532945681.378657,3300,1.38102388381958
1532951738.409226,3400,1.3819825649261475
1532957774.69935,3500,1.3800990581512451
1532963224.508587,3600,1.3804433345794678
