Wall time,Step,Value
1535374104.5667,100,0.41658803820610046
1535379756.435972,200,0.7409186363220215
1535385883.307146,300,0.941019594669342
1535393492.163813,400,1.023404836654663
1535399490.402028,500,1.1019757986068726
1535405238.191536,600,1.1051204204559326
1535410995.849282,700,1.1324223279953003
1535416772.491089,800,1.1248325109481812
1535422561.728736,900,1.0972468852996826
1535428366.935564,1000,1.0475561618804932
1535434187.853576,1100,1.0589220523834229
1535439995.372978,1200,1.0112165212631226
1535445790.216818,1300,1.0070558786392212
1535451947.618167,1400,1.1040613651275635
1535457694.926526,1500,1.0860779285430908
1535463287.460106,1600,1.116077184677124
1535468869.974148,1700,1.0164512395858765
1535474454.343905,1800,0.9777448773384094
1535480005.828759,1900,0.9875988364219666
1535485551.621949,2000,0.9262911677360535
1535491122.933174,2100,0.9258241057395935
1535496715.532442,2200,0.9419590830802917
1535502273.546309,2300,0.9773863554000854
1535507849.752493,2400,0.9909738302230835
1535513397.550643,2500,0.9961618781089783
1535518890.869908,2600,0.9085560441017151
1535524392.8749,2700,0.9536985754966736
1535529920.504541,2800,1.02216637134552
1535535444.327069,2900,1.0482701063156128
1535540953.073446,3000,1.0267128944396973
1535546471.094444,3100,0.9707836508750916
1535551831.799096,3200,1.0617773532867432
