Wall time,Step,Value
1534944988.610061,100,0.1377805918455124
1534950505.339095,200,0.05624774470925331
1534956008.970019,300,0.44776058197021484
1534961502.083162,400,0.5176960229873657
1534967024.904867,500,0.8166148066520691
1534972764.578514,600,0.9510918855667114
1534978494.067323,700,0.9660102725028992
1534984320.003231,800,1.0462219715118408
1534990172.409738,900,1.1250132322311401
1534996030.367286,1000,1.1575409173965454
1535001792.186655,1100,1.218618392944336
1535007438.570476,1200,1.2466288805007935
1535013022.195156,1300,1.2732192277908325
1535019430.302389,1400,1.2755111455917358
1535025389.448288,1500,1.3201807737350464
1535031183.782251,1600,1.3248485326766968
1535036893.722447,1700,1.3369154930114746
1535042655.374855,1800,1.352895975112915
1535048278.11205,1900,1.3579447269439697
1535053994.755228,2000,1.3628898859024048
1535059767.967693,2100,1.3736512660980225
1535065432.342816,2200,1.3700683116912842
1535071122.53885,2300,1.3748306035995483
1535076848.572245,2400,1.373537540435791
1535082485.139952,2500,1.3779412508010864
1535088259.246417,2600,1.3721801042556763
1535094092.44962,2700,1.3746415376663208
1535099732.44592,2800,1.3772118091583252
1535105348.358892,2900,1.3795334100723267
1535111064.272197,3000,1.3815430402755737
1535116135.170365,3100,1.3755451440811157
1535118822.671851,3200,1.3833677768707275
