Wall time,Step,Value
1534944654.740291,100,0.4332748353481293
1534950144.925419,200,0.8138956427574158
1534955648.734587,300,0.9882538318634033
1534961075.07772,400,1.0572826862335205
1534966496.892846,500,1.1604987382888794
1534971971.99157,600,1.2015180587768555
1534977425.360699,700,1.2579911947250366
1534982894.753165,800,1.14381742477417
1534988359.380107,900,1.2846637964248657
1534993822.704545,1000,1.341931939125061
1534999322.987525,1100,1.3621885776519775
1535004856.909413,1200,1.330328106880188
1535010419.181761,1300,1.296210765838623
1535016305.652603,1400,1.255311369895935
1535022087.897489,1500,1.2582883834838867
1535027755.190223,1600,1.3317610025405884
1535033501.528011,1700,1.286759853363037
1535039268.636185,1800,1.1059656143188477
1535044990.506147,1900,1.273439645767212
1535050718.304102,2000,1.3319209814071655
1535056405.781396,2100,1.3565617799758911
1535061924.588293,2200,1.3608293533325195
1535067670.220734,2300,1.3645938634872437
1535073290.687544,2400,1.3830329179763794
1535078863.800846,2500,1.3750361204147339
1535084520.885436,2600,1.3713035583496094
1535090068.325402,2700,1.3798298835754395
1535095514.251934,2800,1.368683934211731
1535101208.046565,2900,1.370330572128296
1535106914.927217,3000,1.3775047063827515
1535112558.342553,3100,1.3777748346328735
1535116987.323028,3200,1.3799595832824707
