Wall time,Step,Value
1534944777.795692,100,0.003449150826781988
1534950253.006774,200,0.1388804167509079
1534955761.394598,300,0.286705881357193
1534961324.569602,400,0.37394362688064575
1534966878.841455,500,0.428106427192688
1534972431.941297,600,0.4620041251182556
1534977926.774883,700,0.4925656318664551
1534983422.674477,800,0.51411372423172
1534988885.229192,900,0.5273429751396179
1534994342.247164,1000,0.540032148361206
1534999820.626381,1100,0.5509571433067322
1535005309.47265,1200,0.5605813264846802
1535010745.512361,1300,0.5679545998573303
1535016749.457462,1400,0.575050413608551
1535022928.590177,1500,0.5810575485229492
1535028480.031662,1600,0.5840428471565247
1535033843.13866,1700,0.5882887244224548
1535039231.700743,1800,0.5917719006538391
1535044605.79151,1900,0.5943343043327332
1535050050.107714,2000,0.5975846648216248
1535055432.417414,2100,0.6007516980171204
1535060819.185341,2200,0.6040242910385132
1535066155.595434,2300,0.6062367558479309
1535071508.073136,2400,0.6090698838233948
1535076878.711134,2500,0.610927402973175
1535082292.078675,2600,0.6131213307380676
1535087700.433311,2700,0.6117414236068726
1535093161.091801,2800,0.6144801378250122
1535098567.338508,2900,0.6168996095657349
1535103916.835033,3000,0.6191372275352478
1535109246.290294,3100,0.6213198304176331
1535114690.906192,3200,0.6228731870651245
