Wall time,Step,Value
1534944777.795692,100,2.3983030319213867
1534950253.006774,200,3.0895633697509766
1534955761.394598,300,2.024587869644165
1534961324.569602,400,1.6325513124465942
1534966878.841455,500,2.889055013656616
1534972431.941297,600,4.316426753997803
1534977926.774883,700,5.246099948883057
1534983422.674477,800,5.8447442054748535
1534988885.229192,900,6.2550368309021
1534994342.247164,1000,6.55292272567749
1534999820.626381,1100,6.773692607879639
1535005309.47265,1200,6.946821689605713
1535010745.512361,1300,7.073094367980957
1535016749.457462,1400,7.167131423950195
1535022928.590177,1500,7.203008651733398
1535028480.031662,1600,4.335099220275879
1535033843.13866,1700,2.0294547080993652
1535039231.700743,1800,1.1852103471755981
1535044605.79151,1900,0.8755307793617249
1535050050.107714,2000,0.7615785598754883
1535055432.417414,2100,0.7214009165763855
1535060819.185341,2200,0.7056601643562317
1535066155.595434,2300,0.7001720666885376
1535071508.073136,2400,0.697372317314148
1535076878.711134,2500,0.6972851753234863
1535082292.078675,2600,0.7046582698822021
1535087700.433311,2700,0.7025260925292969
1535093161.091801,2800,0.6988353729248047
1535098567.338508,2900,0.6975239515304565
1535103916.835033,3000,0.6968840956687927
1535109246.290294,3100,0.6964738965034485
1535114690.906192,3200,0.6961643099784851
