Wall time,Step,Value
1534781739.412319,100,0.14265868067741394
1534785624.006153,200,0.5834186673164368
1534792200.071578,300,0.8073770999908447
1534799099.540331,400,0.9712542295455933
1534804620.76993,500,1.1268925666809082
1534810112.283755,600,1.142920732498169
1534815600.884421,700,1.2289232015609741
1534821111.911552,800,1.2930349111557007
1534826602.207984,900,1.238810420036316
1534832055.307642,1000,1.0488685369491577
1534837493.072703,1100,1.2556954622268677
1534842873.446299,1200,1.3296140432357788
1534848290.624322,1300,1.3581418991088867
1534853734.962523,1400,1.3710296154022217
1534859192.447215,1500,1.376749873161316
1534864646.077778,1600,1.3781462907791138
1534870101.92148,1700,1.3792493343353271
1534875516.311068,1800,1.381319522857666
1534880943.902858,1900,1.3789006471633911
1534886393.127334,2000,1.3811002969741821
