Wall time,Step,Value
1536178033.003592,100,0.3205951750278473
1536180353.22207,200,0.7022534012794495
1536182678.008553,300,0.9743819236755371
1536185000.89172,400,1.0537900924682617
1536187339.120243,500,1.049536108970642
1536189675.973044,600,1.0832457542419434
1536192015.551801,700,1.087929606437683
1536194359.4894,800,1.0850719213485718
1536196702.127303,900,1.074573278427124
1536199040.082659,1000,1.0813493728637695
1536201382.678198,1100,1.0396833419799805
1536203724.996569,1200,1.0882668495178223
1536206065.901596,1300,1.009147047996521
1536208406.616244,1400,0.9686831831932068
1536210744.048043,1500,0.9824591279029846
1536213081.172969,1600,0.9328357577323914
1536215421.322216,1700,0.9462539553642273
1536217757.582951,1800,0.9758680462837219
1536220104.206439,1900,1.0111727714538574
1536222462.929686,2000,0.935945987701416
1536225148.790906,2100,0.9642624258995056
1536227773.311774,2200,0.965695321559906
1536230357.986666,2300,0.9091458916664124
1536232930.440213,2400,0.8662850856781006
1536235507.988062,2500,0.8497198820114136
1536238083.359892,2600,0.8821341395378113
1536240658.446524,2700,0.942599892616272
1536243243.400106,2800,0.9673536419868469
1536245818.552169,2900,0.9667325615882874
1536248408.001074,3000,0.9071660041809082
1536250987.731738,3100,0.7668583393096924
1536253562.291537,3200,0.9206193089485168
